Variable,DEFAULT,Category,Status,Topic,Preconnect,Path,Component URI,Last Test,Last Benchmark,CPU Profile,Heap Stack,Port,URL,Hostname,DNS,DNS Stats,DNS Cache,DB,CSS,HEX,HSL,Class,Description
MCP_HTTP_PORT,8080,runtime,active,mcp,true,/mcp,runtime:mcp,2026-01-29,pass,CPU.59321333143.88892.md,Heap.17659583792.80550.md,8080,http://localhost:8080,localhost,factory-wager.com,ok,cached,sqlite,#3b82f6,207 91 59,hsl(207 91% 59%),McpServer,MCP HTTP transport endpoint
ACP_GATEWAY_PORT,8081,runtime,active,acp,true,/acp,runtime:acp,2026-01-29,pass,CPU.59321333143.88892.md,Heap.17659583792.80550.md,8081,ws://localhost:8081,localhost,factory-wager.com,ok,cached,sqlite,#10b981,160 84 44,hsl(160 84% 44%),AcpGateway,ACP WebSocket agent gateway
AUDIT_INTEGRATION_PORT,8082,runtime,active,audit,true,/audit,runtime:audit,2026-01-29,pass,CPU.59321333143.88892.md,Heap.17659583792.80550.md,8082,http://localhost:8082,localhost,factory-wager.com,ok,cached,sqlite,#f59e0b,38 92 53,hsl(38 92% 53%),AuditServer,Audit MCP integration server
MATRIX_DASHBOARD_PORT,8083,runtime,active,matrix,true,/matrix,runtime:matrix,2026-01-29,pass,CPU.59321333143.88892.md,Heap.17659583792.80550.md,8083,http://localhost:8083,localhost,factory-wager.com,ok,cached,sqlite,#8b5cf6,258 90 67,hsl(258 90% 67%),MatrixDashboard,SQLite telemetry dashboard
ACP_COORDINATION_PORT,9000,runtime,active,swarm,true,/swarm,runtime:swarm,2026-01-29,pass,CPU.59321333143.88892.md,Heap.17659583792.80550.md,9000,ws://localhost:9000,localhost,factory-wager.com,ok,cached,sqlite,#ec4899,330 81 60,hsl(330 81% 60%),SwarmOrchestrator,ACP Swarm coordination hub
ACP_TEST_PORT,9002,runtime,active,test,true,/test,runtime:test,2026-01-29,pass,CPU.59321333143.88892.md,Heap.17659583792.80550.md,9002,ws://localhost:9002,localhost,factory-wager.com,ok,cached,sqlite,#64748b,215 20 46,hsl(215 20% 46%),AcpTest,ACP leak/test server
CHROME_STATE_PORT,3457,runtime,active,chrome,true,/chrome,runtime:chrome,2026-01-29,pass,CPU.59321333143.88892.md,Heap.17659583792.80550.md,3457,http://localhost:3457,localhost,factory-wager.com,ok,cached,sqlite,#f97316,24 95 53,hsl(24 95% 53%),ChromeState,Chrome state management server
MAIN_PORT,3000,core,active,frontend,true,/,core:frontend,2026-01-29,pass,CPU.59321333143.88892.md,Heap.17659583792.80550.md,3000,http://localhost:3000,localhost,factory-wager.com,ok,cached,sqlite,#ef4444,0 84 60,hsl(0 84% 60%),MainServer,Frontend development server
API_PORT,3001,core,active,api,true,/api,core:api,2026-01-29,pass,CPU.59321333143.88892.md,Heap.17659583792.80550.md,3001,http://localhost:3001,localhost,factory-wager.com,ok,cached,sqlite,#3b82f6,217 91 60,hsl(217 91% 60%),ApiServer,Core API server
